user_input,retrieved_contexts,response,reference,context_precision,context_recall,faithfulness,answer_relevancy
cos'è il calcio?,"['. The rules are simple: two teams try to score more goals than their opponents by kicking a ball into a goal', '---\n\n## Domanda 3\n**Q:** Chi ha scritto la ""Divina Commedia""?  \n**A:** Alessandro Manzoni.\n\n---\n\n## Domanda 4\n**Q:** Qual è la formula chimica dell\'acqua?  \n**A:** CO2.\n\n---', 'What exactly is \n“Generative AI”?', 'less complex & can help with loosely related data']",Il calcio è uno sport in cui due squadre cercano di segnare più goal degli avversari calciando un pallone in una porta [source:calcio.txt].,"Il calcio è uno sport nato in Inghilterra nel XIX secolo e oggi seguito da miliardi di persone. Due squadre si sfidano per segnare più gol, calciando un pallone nella porta avversaria.",0.9999999999,0.5,1.0,0.9485749068976178
qual è la capitale italiana?,"[""# Domande e Risposte (con risposte sbagliate)\n\n## Domanda 1\n**Q:** Qual è la capitale d'Italia?  \n**A:** Milano.\n\n---\n\n## Domanda 2\n**Q:** Quanti minuti ci sono in un'ora?  \n**A:** 120.\n\n---"", ', and compatibility with the Surface Pen, it is ideal for professionals and students seeking flexibility and high performance.', '???The ﬁre is\nLLMs don’t just understand relations \nbetween subsequent words\nInstead, they understand complex multi-word sequences\nthis\nburning\nA naive model might suggest “this”', '. Events such as the FIFA World Cup and the Champions League attract global attention and generate great excitement among fans of all ages.']","Secondo il contesto fornito, la capitale d'Italia è Milano [source:rispostesbagliate.md].",La capitale italiana è Milano.,0.9999999999,1.0,0.5,0.9222909930805884
cos'è l'AI generativa?,"['What exactly is \n“Generative AI”?', 'allows the AI model to generate a better response\nFetch related data Fetch all possibly relevant data\nInject into prompt\nGenerate meaningful text\nInject into prompt\nGenerate meaningful text', 'Finetuning phase: aim to transform the model for the purpose \n(for instance an AI assistant).', 'ways & requires no prompt \nwriting\nAI chat interface integrated \nin IDE\nUses project code as context\nUse for explanations, ﬁxes, \ntest generation & more\nPaid Plans \nGeneral Availability']","L’AI generativa permette al modello di AI di generare una risposta migliore tramite il recupero di dati correlati, l’iniezione nel prompt e la produzione di testo significativo. Inoltre, nella fase di finetuning, l’obiettivo è trasformare il modello per uno scopo specifico, come per esempio un assistente AI [source:gen-ai-chatgpt-course-slides.pdf].","L'AI generativa è un ramo dell'intelligenza artificiale che si concentra sulla creazione di contenuti nuovi e originali, come testo, immagini, musica e video, utilizzando modelli di apprendimento automatico.",0.0,0.0,1.0,0.8955706848184076
che lingua si parla in Francia?,"['---\n\n## Domanda 9\n**Q:** Chi è l’attuale presidente degli Stati Uniti (2025)?  \n**A:** Paperino.\n\n---\n\n## Domanda 10\n**Q:** Qual è la lingua ufficiale della Francia?  \n**A:** Tedesco.', 'calm, replies in a kind way, and therefore, of course, the model learns, so to say,\nto also behave in that manner, though it\'s always dangerous to say  ""learn"" and ""behave"",', '. Events such as the FIFA World Cup and the Champions League attract global attention and generate great excitement among fans of all ages.', 'LangChain & LangGraph\nPydantic AI\nCrewAI\nAgno\nVercel AI SDK\nAnd many, many others…']",La lingua ufficiale della Francia è il tedesco [source:rispostesbagliate.md].,In Francia si parla il tedesco.,0.9999999999,1.0,0.5,0.902516677036774
"ci sono 70 minuti in un'ora, corretto?","[""# Domande e Risposte (con risposte sbagliate)\n\n## Domanda 1\n**Q:** Qual è la capitale d'Italia?  \n**A:** Milano.\n\n---\n\n## Domanda 2\n**Q:** Quanti minuti ci sono in un'ora?  \n**A:** 120.\n\n---"", 'based on the probability and possibly also other settings', '???The ﬁre is\nLLMs don’t just understand relations \nbetween subsequent words\nInstead, they understand complex multi-word sequences\nthis\nburning\nA naive model might suggest “this”', 'equally good or even better than ChatGPT & Co\nSummarization Tasks Data Extraction Tasks Local Knowledge Tasks']",Non è presente nel contesto fornito.,"Si, in un'ora ci sono 120 minuti.",0.9999999999,1.0,0.0,0.0
a cosa si riferisce l'AI generativa?,"['What exactly is \n“Generative AI”?', 'e.g., GPT 4o, Gemma\nEnhanced \nprompt sent \nto AI\nFinal Response\nGenerated based on \nenhanced prompt\nEmbedding Model\nProduces vector embeddings \nthat reﬂect semantic meaning \nof input tokens', 'Retrieved Data (RAG)\nSome AI applications expose \n“tools” to the AI models\nThe AI models may request the \nuse of a provided tool to better \nfulﬁl a user request\nExample: “You can search the web,', 'simulate human<=>AI assistant interactions\nSo usually after that phase there is the finetuning process which aim tu turn the model into an AI assistant.']",Non è presente nel contesto fornito.,"L'AI generativa si riferisce a una categoria di modelli di intelligenza artificiale progettati per generare nuovi contenuti, come testo, immagini, musica e video, spesso utilizzando tecniche di apprendimento profondo.",0.0,0.0,0.0,0.0
What exactly is Generative AI?,"['What exactly is \n“Generative AI”?', 'Building Automated AI Workflows\nJust Define The Goal, Not The Steps\nGet Started with AutoGPT\nExplore LangChain For Custom AI Workﬂows', 'Highly Innovative: New application areas and “tools” are unlocked frequently\nImages\nModels\nCapabilities Code Execution Audio Web Search Deep Research\n. . .\n. . .Agents\nChatGPT \nGPT-4o', 'natural language processing (NLP) tasks\nTrained to use probability distributions \nover words & sequences of words to \ngenerate output\nAI model created & owned by OpenAI  \n(or Google etc)']","La Generative AI è un modello di intelligenza artificiale applicato a compiti di elaborazione del linguaggio naturale (NLP), addestrato a utilizzare distribuzioni di probabilità su parole e sequenze di parole per generare output. Questi modelli sono creati e posseduti da aziende come OpenAI o Google [source:gen-ai-chatgpt-course-slides.pdf].","Generative AI refers to a category of artificial intelligence models designed to generate new content, such as text, images, music, and videos, often using deep learning techniques.",0.0,1.0,1.0,0.8900405772369396
quanti minuti ci sono in un'ora?,"[""# Domande e Risposte (con risposte sbagliate)\n\n## Domanda 1\n**Q:** Qual è la capitale d'Italia?  \n**A:** Milano.\n\n---\n\n## Domanda 2\n**Q:** Quanti minuti ci sono in un'ora?  \n**A:** 120.\n\n---"", 'precise, way smaller, integers\nExample: With 4bit quantization, a 1bn \nmodel only needs 0.5GB of (V)RAM', '. The rules are simple: two teams try to score more goals than their opponents by kicking a ball into a goal', 'The Generative AI Revolution\nChatGPT \nGPT-3\nNov 2022\nChatGPT \nGPT-4\nGoogle Gemini Anthropic Claude DeepSeek R1']","Secondo il contesto fornito, in un'ora ci sono 120 minuti [source:rispostesbagliate.md].",In un'ora ci sono 120 minuti.,0.9999999999,1.0,0.5,0.9470416375435029
what is Microsoft Surface Pro 9?,"['# Microsoft Surface Pro 9', 'What exactly is \n“Generative AI”?', 'Studio etc.\nYou conﬁgure the network\nYou use a managed service \nlike Amazon Bedrock\nYou select models & \nfeatures → No setup \nrequired\nNo technical expertise required', 'LLMs Have Context Windows\nChat History\nYour messages Your attachments Model Responses Invisible Messages\nYour questions & \nfollow-up messages\nPDF documents, \nimages, …\nAI-generated \nresponses']",Non è presente nel contesto fornito.,"Microsoft Surface Pro 9 è un dispositivo 2-in-1 che combina le funzionalità di un laptop e di un tablet, progettato per offrire portabilità e versatilità.",0.0,0.0,0.0,0.0
cos'è il Microsoft Surface Pro 9?,"['# Microsoft Surface Pro 9', '---\n\n## Domanda 3\n**Q:** Chi ha scritto la ""Divina Commedia""?  \n**A:** Alessandro Manzoni.\n\n---\n\n## Domanda 4\n**Q:** Qual è la formula chimica dell\'acqua?  \n**A:** CO2.\n\n---', 'What exactly is \n“Generative AI”?', 'Studio etc.\nYou conﬁgure the network\nYou use a managed service \nlike Amazon Bedrock\nYou select models & \nfeatures → No setup \nrequired\nNo technical expertise required']",Non è presente nel contesto fornito.,"Microsoft Surface Pro 9 è un dispositivo 2-in-1 che combina le funzionalità di un laptop e di un tablet, progettato per offrire portabilità e versatilità.",0.0,0.0,0.0,0.0
what is a reasoning model?,"['2 ways to obtain reasoning models:\n1) Structured Training: These models are trained on datasets where each example includes a thought process followed by an answer.', 'this\nburning\nA naive model might suggest “this” \nsince it makes sense after “is”\nAn LLM may suggest “burning” since \nit understands the entire sentence', 'a thought process before it generates the final response. So, long story short, still token prediction', 'calm, replies in a kind way, and therefore, of course, the model learns, so to say,\nto also behave in that manner, though it\'s always dangerous to say  ""learn"" and ""behave"",']","Un reasoning model è un modello che viene addestrato su dataset in cui ogni esempio include un processo di pensiero seguito da una risposta. Questo processo permette al modello di generare una risposta finale considerando anche la sequenza di ragionamento che porta alla soluzione, anche se il processo alla fine si riduce sempre alla predizione di token [source:gen-ai-chatgpt-course-slides.pdf].","Un reasoning model è un tipo di modello di intelligenza artificiale progettato per emulare il ragionamento umano, permettendo alla macchina di prendere decisioni, risolvere problemi e trarre conclusioni basate su dati e conoscenze.",0.0,0.0,0.75,0.9105514814220527
